name,group,first_side,tags,unit,main_loops,candidate_loops,loop_matched,main_mean_seconds,candidate_mean_seconds,candidate_over_main,time_change_percent,speedup,pyperf_significant,pyperf_t_score,main_stdev_percent,candidate_stdev_percent
2to3,A,main,apps,second,1,1,True,0.18651914143313963,0.18814790236453216,1.0087324063304053,0.8732406330405285,0.9913431884654402,True,-6.901190182089365,0.9157770936459004,0.34628323013124995
ascii85_large,B,candidate,serialize,second,16,16,True,0.008047675929265096,0.008043892502125042,0.9995298733232664,-0.04701266767336287,1.0004703477997816,False,0.878084081089079,0.2435263435695187,0.3358469615677178
ascii85_small,B,candidate,serialize,second,256,256,True,0.000419719463934598,0.00042209596588994224,1.0056621199623816,0.566211996238164,0.9943697591368029,True,-11.1803504238045,0.23187750863500084,0.3146337753544626
async_generators,B,candidate,asyncio,second,1,1,True,0.2548921991760532,0.264670320522661,1.0383617912914394,3.836179129143935,0.9630554671664798,True,-9.69253109882328,2.197919570268621,2.058326220415971
async_tree_cpu_io_mixed,B,candidate,asyncio,second,1,1,True,0.43397975484840573,0.41517403670586644,0.9566668308084825,-4.333316919151753,1.0452959878988346,True,6.268906388201481,3.8942497517126258,3.841168718181895
async_tree_cpu_io_mixed_tg,A,main,asyncio,second,1,1,True,0.43523581600748,0.41901404918171464,0.9627287869491729,-3.7271213050827146,1.03871413585641,True,5.289122776874272,3.8430944032019,4.026243581218318
async_tree_eager,B,candidate,asyncio,second,2,2,True,0.10807717667582134,0.10671641652782758,0.987409366252457,-1.259063374754299,1.0127511791743768,False,1.0293333435505063,6.624082191615012,6.860758084428959
async_tree_eager_cpu_io_mixed,A,main,asyncio,second,1,1,True,0.36018102592788637,0.3396354595044007,0.9429576658832685,-5.704233411673155,1.0604929957945672,True,7.6293115482800635,4.137517824625959,4.297532987851204
async_tree_eager_cpu_io_mixed_tg,B,candidate,asyncio,second,1,1,True,0.40252268142066894,0.3831197140427927,0.9517965861963477,-4.8203413803652335,1.0506446592714596,True,7.318370794630677,3.6460581158386813,3.7495638968556255
async_tree_eager_io,A,main,asyncio,second,1,1,True,0.5489906708244234,0.5454875852757444,0.9936190435742406,-0.6380956425759421,1.0064219345100371,False,0.5643977790924611,6.227791099947544,6.1964049216264
async_tree_eager_io_tg,B,candidate,asyncio,second,1,1,True,0.5210330459910134,0.5204225885837028,0.998828371037101,-0.11716289628990184,1.0011730032875243,False,0.09680777158644661,6.522360647957658,6.741623629426464
async_tree_eager_memoization,A,main,asyncio,second,1,1,True,0.19612973492282132,0.19277119813486934,0.9828759428585697,-1.7124057141430282,1.0174223993026292,False,1.7368714476404241,5.49621686657271,5.394562575856707
async_tree_eager_memoization_tg,B,candidate,asyncio,second,1,1,True,0.2328483535752942,0.23103454404820997,0.9922103399090699,-0.7789660090930073,1.007850815273346,False,0.6362211209743674,6.852046768705635,6.608415223218917
async_tree_eager_tg,A,main,asyncio,second,1,1,True,0.17684310696398217,0.17756671680447955,1.0040918181823437,0.40918181823437205,0.9959248565636647,False,-0.31845894263854974,6.9813393555020635,7.064473404742105
async_tree_io,B,candidate,asyncio,second,1,1,True,0.5486919759307056,0.5392355729515353,0.9827655526342807,-1.723444736571933,1.0175366823954328,True,2.260125320640135,4.179502602473166,4.246938764846764
async_tree_io_tg,A,main,asyncio,second,1,1,True,0.5250402240393063,0.5126961247064173,0.9764892311718105,-2.3510768828189477,1.024076833699411,True,2.792533167349438,5.1975578331776,4.033704936554439
async_tree_memoization,B,candidate,asyncio,second,1,1,True,0.2762097102124244,0.27319848608846464,0.9890980511813147,-1.0901948818685336,1.0110221113120834,False,0.7857029658346777,7.514836124593641,7.768663763589504
async_tree_memoization_tg,A,main,asyncio,second,1,1,True,0.2603687092817078,0.26150475347725055,1.0043632132243419,0.43632132243418553,0.9956557417009186,False,-0.38210709832914214,6.084462103477478,6.3918484270669556
async_tree_none,A,main,asyncio,second,1,1,True,0.2249618402061363,0.2202493828876565,0.9790521925222442,-2.094780747775582,1.021396006911327,False,1.7154293258741173,6.9086811448436745,6.598978418221601
async_tree_none_tg,B,candidate,asyncio,second,1,1,True,0.20794684407301248,0.203999530011788,0.9810176774799307,-1.8982322520069261,1.019349623310389,False,1.617837254363576,6.666165140023134,6.297096723024722
asyncio_tcp,A,main,asyncio,second,1,1,True,0.2770791829874118,0.2762925256819775,0.997160893514436,-0.2839106485563958,1.002847189961048,False,1.7351197851148008,1.0243923930135506,0.7484677983593127
asyncio_tcp_ssl,B,candidate,asyncio,second,1,1,True,1.1072289164798954,1.1145452022552491,1.006607744492994,0.660774449299395,0.9934356311789334,True,-5.63854707796327,0.763221451094549,0.4881860519011771
base16_large,B,candidate,serialize,second,32,32,True,0.0038666603514381373,0.004346190835834326,1.124016707135354,12.401670713535395,0.8896664913002758,True,-44.90219200635543,1.8617426092644502,0.9376884574201039
base16_small,B,candidate,serialize,second,512,512,True,0.00023612641334693762,0.00025218608252544075,1.06801301451569,6.8013014515690084,0.9363181781576587,True,-21.795531628719402,1.1111342468494694,2.0099030552070594
base32_large,B,candidate,serialize,second,64,64,True,0.0019078310385035973,0.0019080181996590302,1.0000981015360668,0.009810153606681915,0.9999019080869005,False,-0.0750729696791526,0.7183636403465301,0.713028653351336
base32_small,B,candidate,serialize,second,1024,1024,True,0.00017380925287397987,0.000183175579119658,1.0538885363742354,5.388853637423541,0.9488669489093867,True,-62.16260069941406,0.2716188774714314,0.5827069370221707
base64_large,B,candidate,serialize,second,128,128,True,0.0014820271292895388,0.0014818506879237248,0.9998809459271514,-0.011905407284862335,1.0001190682484085,False,0.46778257489766645,0.10971656233507554,0.16380793459453116
base64_small,B,candidate,serialize,second,1024,1024,True,0.00018893799518385397,0.0001934905057017507,1.0240952621174302,2.4095262117430183,0.9764716594161265,True,-41.27876185149095,0.30693254983994417,0.3241977487656372
base85_large,B,candidate,serialize,second,32,32,True,0.004027531266425892,0.004029495832704318,1.000487784240138,0.04877842401380672,0.9995124535773232,False,-1.7954172201413985,0.06855987135892974,0.19886660577483967
base85_small,B,candidate,serialize,second,1024,1024,True,0.00016755149667915247,0.00017508103748392994,1.0449386663444489,4.493866634444887,0.9569939674051304,True,-57.62087981271307,0.36731326768601463,0.4589877941312449
bench_mp_pool,A,main,,second,16,16,True,0.0103660423066079,0.01044209263054654,1.0073364859692076,0.7336485969207551,0.9927169460538812,False,-1.5957564144859098,2.606682044095036,2.408724547093961
bench_thread_pool,A,main,,second,256,256,True,0.000645799941776204,0.000644137129165756,0.9974251892840459,-0.2574810715954112,1.0025814574803373,False,1.004642543658646,1.5159571071338591,1.2850989137015305
bpe_tokeniser,A,main,,second,1,1,True,3.0072029717111337,2.4097246473655103,0.8013175931368373,-19.868240686316273,1.247944645874304,True,113.93270888154511,0.2523069248058229,1.656039268983999
chameleon,B,candidate,apps,second,16,16,True,0.009288695049084103,0.008772003782602648,0.9443741813299811,-5.562581867001892,1.0589023077607649,True,66.60300989065041,0.3324682895475071,0.5876526056886018
chaos,A,main,,second,4,4,True,0.03330572398457055,0.030388157772055516,0.9124004566342215,-8.759954336577847,1.0960099731744182,True,7.9854332988806815,0.16816969355282416,9.311259213445888
comprehensions,B,candidate,,second,16384,16384,True,9.776305484858009e-06,9.18177357126145e-06,0.9391864427193486,-6.081355728065141,1.0647513150898664,True,80.68566158814397,0.4527781808016054,0.39242812059969423
connected_components,B,candidate,,second,1,1,True,0.3071847674126426,0.3120886196537564,1.015963852252239,1.5963852252238953,0.984286987950556,True,-26.514366379209072,0.25069747712655066,0.3870804411206582
coroutines,B,candidate,asyncio,second,8,8,True,0.013538043680212771,0.013504612954178204,0.997530608792212,-0.24693912077879965,1.0024755041960847,True,2.309635449851383,0.2849430105573537,0.7795374927092708
coverage,A,main,,second,2,2,True,0.07254157506395131,0.07191694336943329,0.9913893282029325,-0.8610671797067537,1.0086854594376922,True,2.764065078747808,2.353132479672491,0.5389876097933206
create_gc_cycles,A,main,,second,64,64,True,0.0017308569879484518,0.0017302966004839012,0.9996762369921649,-0.03237630078350984,1.000323867864269,False,0.09241315461654054,2.3427374719196163,1.3701127933322017
crypto_pyaes,B,candidate,,second,4,4,True,0.04608586522129675,0.045572962945637605,0.9888707248264458,-1.112927517355422,1.0112545299341402,True,6.172030896824891,1.1165801793280186,0.8485630377667701
deepcopy,B,candidate,,second,1024,1024,True,0.0001576796721262023,0.00015398294038580692,0.9765554323487138,-2.344456765128622,1.0240074110231507,True,4.315197056586769,3.149103647911555,2.8587590674896837
deepcopy_memo,B,candidate,,second,1024,8192,False,1.264485037305955e-05,1.2554517943878334e-05,0.9928561883679008,-0.7143811632099206,1.0071952128775492,True,2.866566378978117,1.151644407308396,1.5603713082683912
deepcopy_reduce,B,candidate,,second,1024,65536,False,1.8565822150170183e-06,1.7552796019041731e-06,0.9454359670724753,-5.456403292752466,1.057713091978594,True,10.674602491872335,3.6715804367034357,1.5675641531987556
deltablue,A,main,,second,64,64,True,0.0017166161017181973,0.001624241082269388,0.946187724001686,-5.381227599831395,1.0568727268736136,True,19.488268897266867,1.5300570545445906,1.5795479135448647
django_template,B,candidate,template,second,8,8,True,0.02394995431532152,0.02195976861209298,0.9169023173478307,-8.309768265216933,1.0906287191993713,True,40.71661537227646,1.200802811057309,1.1213788630269643
docutils,A,main,apps,second,1,1,True,1.6865211334079504,1.682246260313938,0.997465271552587,-0.25347284474129816,1.0025411696223445,False,1.4671463585638431,1.1401836843055426,0.7023974773588901
dulwich_log,B,candidate,,second,4,4,True,0.026014383789151906,0.025818006178208938,0.9924511911358493,-0.7548808864150658,1.0076062268165662,False,1.267135447467626,3.208721419833352,3.341599797551395
fannkuch,A,main,,second,1,1,True,0.21135839216100674,0.21277532173941532,1.0067039191769078,0.6703919176907824,0.993340724070699,True,-16.093375209898518,0.2675567005019084,0.17915610535146745
float,B,candidate,math,second,4,4,True,0.03821606976368154,0.03647597725503147,0.9544669946593053,-4.553300534069471,1.0477051648673799,True,4.13991214647676,6.808100403962148,5.365902492507139
gc_traversal,B,candidate,,second,32,32,True,0.0035669734298911255,0.003393087580722446,0.9512511509865699,-4.8748849013430124,1.051247085444124,True,15.90373182693206,1.5939996274580435,1.8498976000495757
generators,A,main,,second,8,8,True,0.01846257706056349,0.01856705413859648,1.005658856707288,0.565885670728794,0.9943729857599861,True,-5.378686188550378,0.6278891342566112,0.5165861210248414
go,A,main,,second,2,2,True,0.06328161906761427,0.04920562964398414,0.7775659088527679,-22.24340911472321,1.286064613449186,True,137.03603269574117,1.0197138460688517,0.9459447675509391
hexiom,B,candidate,,second,64,64,True,0.00340764001084608,0.0019742286259618897,0.5793536346791838,-42.06463653208162,1.7260614936052805,True,224.37992521064427,1.3801013437217062,0.7796632657816058
html5lib,A,main,apps,second,4,4,True,0.034884937674117586,0.03153218637065341,0.9038911482432801,-9.61088517567199,1.1063279045751342,True,4.620926145612199,11.657281708720602,12.302503067816538
json_dumps,B,candidate,serialize,second,16,16,True,0.006145351652715666,0.006222027312226904,1.0124770174018203,1.2477017401820278,0.9876767401260739,True,-13.918615333495495,0.4213775838604633,0.545094981773133
json_loads,A,main,serialize,second,10240,10240,True,1.5111582085107026e-05,1.4755610915623645e-05,0.9764438185572771,-2.3556181442722868,1.0241244616382823,True,18.822409440686922,0.7316926840863872,0.6512433637202829
k_core,A,main,,second,1,1,True,1.922445055268084,1.6376150745743265,0.8518397288321782,-14.816027116782182,1.1739297501079702,True,11.024168518943737,9.642022952979387,4.607564579822402
logging_format,B,candidate,,second,40960,40960,True,3.549870261470763e-06,3.5900677160801326e-06,1.011323640485023,1.132364048502299,0.9888031486344052,True,-6.444050446425601,0.8339931519198744,1.063667850514223
logging_silent,B,candidate,,second,2621440,2621440,True,5.712567813750032e-08,4.943122315026471e-08,0.8653065444804836,-13.469345551951639,1.1556598137142071,True,70.63224039284145,1.4722065335607033,0.13928061713147272
logging_simple,B,candidate,,second,40960,40960,True,3.2581792136928317e-06,3.180536097033837e-06,0.9761697833155735,-2.383021668442653,1.0244119589560403,True,10.775446355088404,1.4002588907333111,1.0108991877063267
mako,A,main,template,second,16,16,True,0.006437307678667518,0.006269864215088698,0.9739885877858987,-2.6011412214101304,1.0267060749379326,True,8.61170624616237,1.35330867089141,1.9595039931210165
many_optionals,B,candidate,,second,256,256,True,0.00044137240656709763,0.0004381254939289647,0.9926435984900218,-0.7356401509978183,1.0074109192072245,False,1.559994944611723,3.2085646294284915,1.7586657064272198
mdp,B,candidate,,second,1,1,True,0.8583717132297655,0.8120295049467434,0.9460114917945609,-5.39885082054391,1.0570696113881495,True,29.31366155645268,0.5427138770704015,1.3946481943462516
meteor_contest,A,main,,second,2,2,True,0.07125256477544704,0.073705978722622,1.0344326404938111,3.4432640493811117,0.9667135015409279,True,-44.51271086643275,0.5044038155773497,0.3126553376472824
nbody,B,candidate,math,second,4,4,True,0.03951773018343374,0.03930197262670845,0.9945402340740779,-0.5459765925922122,1.0054897386137476,False,1.784461577932309,0.29718027385441464,2.3641694548029206
nqueens,B,candidate,,second,4,4,True,0.049350211571436375,0.04853135575928415,0.983407248194531,-1.6592751805469041,1.0168727166043694,True,23.17309031033976,0.23044791488876507,0.5130097469150527
pathlib,A,main,,second,16,16,True,0.009443071869706424,0.009387379163914982,0.9941022681432612,-0.5897731856738808,1.0059327214570732,True,6.726603563694021,0.44230513523270204,0.5184302434421943
pickle,B,candidate,serialize,second,20480,20480,True,8.524020555190266e-06,8.586417538178163e-06,1.007320135208954,0.7320135208954026,0.9927330597760408,True,-6.141067416862582,0.4077345638713554,0.8223922722682705
pickle_dict,A,main,serialize,second,5120,5120,True,2.0355395530107975e-05,2.1122677132249616e-05,1.0376942615046092,3.7694261504609194,0.9636749831786154,True,-39.08232816887683,0.5857440773449881,0.4468802629244394
pickle_list,B,candidate,serialize,second,40960,40960,True,3.7300787766980646e-06,3.727213738405529e-06,0.9992319094410462,-0.07680905589537712,1.000768680975554,False,0.5856063319688534,0.6289175898015891,0.7985258544824727
pickle_pure_python,A,main,serialize,second,640,640,True,0.0001746037787476477,0.00017244102753465995,0.9876133768209361,-1.2386623179063916,1.012541975908564,True,5.139417958257733,1.1243576126043588,1.509004242028849
pidigits,B,candidate,math,second,1,1,True,0.13729933059463897,0.13518418660387396,0.9845946518340302,-1.5405348165969834,1.0156463861928093,True,28.35265456880497,0.2847563178197968,0.31476819864361166
pprint_pformat,A,main,,second,1,1,True,0.9475624011519055,0.9441290074648957,0.9963766041341067,-0.3623395865893331,1.0036365726080474,False,0.9587789124921413,1.278503839938219,2.642965637399195
pprint_safe_repr,A,main,,second,1,1,True,0.46676313852270446,0.4633659767607848,0.9927218722269466,-0.7278127773053367,1.0073314872742014,True,3.793175778015224,0.663674482747044,1.339591804855678
pyflate,B,candidate,,second,1,1,True,0.2321191874022285,0.22657057346465687,0.9760958411078844,-2.3904158892115612,1.024489561255567,True,15.1834623698594,0.8440119922612417,0.9017835241578385
python_startup,A,main,startup,second,16,16,True,0.0101992411519556,0.010270055724928777,1.006943121739954,0.6943121739954039,0.9931047528007773,True,-9.644251717727931,0.3562167521764608,0.42609098909442583
python_startup_no_site,B,candidate,startup,second,32,32,True,0.005869725558053081,0.005887028434760092,1.0029478169866515,0.2947816986651475,0.9970608470981989,True,-3.7196872093014224,0.4648621465035812,0.39973057735548556
raytrace,A,main,,second,1,1,True,0.16040726037075123,0.11703003044240176,0.7295806322725595,-27.041936772744045,1.3706504199338672,True,32.2601467227234,6.444850717104318,1.082096897938722
regex_compile,B,candidate,regex,second,2,2,True,0.08647675660904497,0.08741923071599254,1.0108985829707795,1.0898582970779502,0.98921891557237,True,-2.4080235169410824,2.1438386121691453,2.7439843429530018
regex_dna,A,main,regex,second,1,1,True,0.11321574094084402,0.11844059764407575,1.0461495606513034,4.614956065130338,0.9558862686683423,True,-56.85927856479389,0.38522409146715875,0.4749352068489005
regex_effbot,B,candidate,regex,second,80,80,True,0.0017152184426474076,0.0016275681778400515,0.9488984827658048,-5.11015172341952,1.0538535134814917,True,73.22297750533029,0.3994151541130472,0.3838936014226161
regex_v8,A,main,regex,second,8,8,True,0.013455497023339072,0.014168945108152305,1.0530227968224235,5.30227968224235,0.9496470570414773,True,-25.75932496515278,1.104854218784716,1.0916747597273158
richards,B,candidate,,second,16,16,True,0.012373566842870786,0.012440692647942342,1.0054249357460119,0.5424935746011883,0.9946043353878162,True,-3.079873369652471,1.1210861762282442,0.7734389387650908
richards_super,A,main,,second,8,8,True,0.014048253123958906,0.014239285798976199,1.0135983223915215,1.3598322391521478,0.9865841111896899,True,-2.4013767407992215,0.7760683768370881,4.25920504108907
scimark_fft,B,candidate,,second,1,1,True,0.1678559401227782,0.16132310080962878,0.9610806784176301,-3.891932158236988,1.0404953740683338,True,104.85207458151147,0.1611617788332798,0.2477450559117016
scimark_lu,B,candidate,,second,2,2,True,0.05292669841243575,0.052953001220400135,1.0004969667247976,0.04969667247975984,0.9995032801284501,False,-0.1618905293971164,1.93360134672758,1.3832487425280762
scimark_monte_carlo,B,candidate,,second,4,4,True,0.03480337597429752,0.034338262642268094,0.98663597082154,-1.3364029178460024,1.0135450455625818,True,7.869594252476182,0.32396234288292197,1.2921599738339649
scimark_sor,B,candidate,,second,2,2,True,0.05574878422388186,0.05631024411413819,1.0100712490518458,1.0071249051845754,0.9900291696637246,True,-12.76789335009616,0.25209697364659445,0.5510164255912235
scimark_sparse_mat_mult,B,candidate,,second,64,64,True,0.002905326186980043,0.002942663818248548,1.0128514420982504,1.2851442098250399,0.9873116218587525,True,-27.905663507425455,0.31567782156083274,0.16402800206897888
shortest_path,A,main,,second,1,1,True,0.335948213081186,0.34196563526056706,1.0179117552797545,1.7911755279754527,0.9824034301727542,True,-20.297001653479423,0.5636037073227654,0.37999641372916015
spectral_norm,A,main,,second,4,4,True,0.042076853367810446,0.02034229089040309,0.48345561186771896,-51.65443881322811,2.068442221896507,True,1271.1036494313562,0.2259813561571773,0.45325168884191436
sphinx,B,candidate,apps,second,1,1,True,0.6903527121214817,0.690154614780719,0.9997130490873949,-0.028695091260511063,1.000287033277066,False,0.028809896569830965,5.48785981505874,5.424300858887993
sqlalchemy_declarative,A,main,,second,2,2,True,0.08978728559644272,0.09015732468881955,1.0041212861032462,0.41212861032462467,0.9958956291831638,False,-1.1427749243415333,1.7659085473206226,2.155642199191609
sqlalchemy_imperative,B,candidate,,second,16,16,True,0.008806674978889836,0.007772670025588013,0.8825884961372596,-11.741150386274036,1.1330308568224081,True,7.457918258510509,7.650931929023565,10.759156337591447
sqlglot_v2_normalize,A,main,,second,2,2,True,0.07116700087984403,0.07169546129492423,1.0074256384075035,0.7425638407503543,0.9926290952657889,False,-1.734042677696599,1.4074951282575907,2.981468144239499
sqlglot_v2_optimize,B,candidate,,second,4,4,True,0.03554125149579098,0.0361797368619591,1.0179646281235688,1.7964628123568804,0.9823524043692134,True,-10.113492060075409,0.8286668075426918,1.0790071869131923
sqlglot_v2_parse,A,main,,second,256,256,True,0.0007171652198546023,0.000716430560654165,0.9989756067638275,-0.10243932361725383,1.0010254436937565,False,0.318186960209129,2.0381632571738244,1.4384429557286469
sqlglot_v2_transpile,B,candidate,,second,128,128,True,0.0009395280057409157,0.0009550345234553485,1.0165045827475938,1.650458274759381,0.9837633956327259,True,-5.659791399495883,1.7268195017457655,1.4324886009097857
sqlite_synth,A,main,,second,65536,65536,True,1.5843026062611898e-06,1.5650279204730091e-06,0.9878339619514562,-1.216603804854377,1.0123158734333348,True,8.349406558050788,1.0915845387237464,0.2905048500014948
subparsers,A,main,,second,32,32,True,0.006108464655214144,0.005958690440941912,0.975480874045103,-2.4519125954897025,1.0251354245965085,True,8.015597691483556,1.6997525383220424,1.6922688044995597
sympy_expand,B,candidate,,second,1,1,True,0.2835496570914984,0.2740566130106648,0.9665206998371708,-3.3479300162829184,1.03463898928235,True,10.613989864689978,1.815929838774891,1.6912529291149392
sympy_integrate,B,candidate,,second,8,8,True,0.01369405755152305,0.013367427155996363,0.9761480193654978,-2.3851980634502223,1.024434798986742,True,11.517363248034622,0.9947081460555595,1.2892734870149203
sympy_str,B,candidate,,second,1,1,True,0.1782750122093906,0.17685154432741304,0.9920153258477657,-0.798467415223425,1.0080489423340417,False,1.6518722377312778,2.625418604827897,2.6909504270456424
sympy_sum,B,candidate,,second,2,2,True,0.09814998810179532,0.09725867605302482,0.990918877668675,-0.9081122331324964,1.009164344868159,True,3.8538826627927687,1.2896425178192477,1.303453007893731
telco,A,main,,second,2,2,True,0.08518202511283259,0.08948268344004949,1.0504878619816824,5.0487861981682425,0.9519386526880567,True,-11.246337589107098,0.6383537257875408,3.2539930139570727
tomli_loads,B,candidate,serialize,second,1,1,True,1.0598988790841153,1.0042167481190214,0.9474646760517285,-5.253532394827154,1.055448319368693,True,31.792812675371007,1.0635572668045101,0.7516365398288363
tornado_http,A,main,apps,second,2,2,True,0.06309126394335181,0.06279394596349448,0.9952874936833682,-0.47125063166317815,1.0047348191819347,False,1.1767421407113299,2.0630666449972237,2.3275085186225537
typing_runtime_protocols,B,candidate,,second,2048,2048,True,8.103377934579234e-05,8.286098720115358e-05,1.022548718202616,2.254871820261606,0.9779485145292138,True,-7.554745331016045,1.524328482053979,1.6999198965912472
unpack_sequence,A,main,,second,6553600,6553600,True,4.536053766438878e-08,4.524620012820909e-08,0.9974793610907867,-0.25206389092132797,1.0025270085853775,False,0.19233481583671427,7.314384400458318,7.057095781224002
unpickle,B,candidate,serialize,second,20480,20480,True,1.0025178297989139e-05,9.689777435445042e-06,0.9665441498819656,-3.3455850118034425,1.0346138871381303,True,16.094282671833803,1.5074627394176612,0.585499443513784
unpickle_list,A,main,serialize,second,40960,40960,True,3.1119700292947527e-06,3.180933854688798e-06,1.0221608256971788,2.216082569717881,0.9783196292207113,True,-24.493513421630617,0.5906664935815618,0.3690104277210762
unpickle_pure_python,B,candidate,serialize,second,1280,1280,True,0.0001221817060165146,0.0001120926831451167,0.9174260762897333,-8.257392371026672,1.0900060787940684,True,46.46402682162515,1.224571748316982,0.6854038277984388
urlsafe_base64_small,B,candidate,serialize,second,512,512,True,0.0002297856879522442,0.00023863666410761653,1.0385183961379345,3.8518396137934507,0.9629102418588081,True,-15.262864712923399,0.2715078954674951,1.8640763856971454
xdsl_constant_fold,A,main,,second,4,4,True,0.03036910363007337,0.03033250553222994,0.9987948904159559,-0.12051095840440729,1.0012065636254328,False,0.046530031705914514,14.078549129849536,14.309489704326714
xml_etree_generate,B,candidate,serialize,second,2,2,True,0.060753760882653295,0.059887782740406695,0.9857460981893903,-1.4253901810609704,1.0144600134221085,True,4.102532114118858,2.179809367945417,1.6012310937184984
xml_etree_iterparse,B,candidate,serialize,second,2,2,True,0.06210263395526757,0.061294013921481864,0.9869792956870693,-1.3020704312930675,1.0131924796901302,True,4.6993536542899115,1.5768430454529825,1.4751533609157017
xml_etree_parse,B,candidate,serialize,second,2,2,True,0.09788229691330344,0.0949615316853548,0.9701604343169876,-2.983956568301238,1.0307573516992785,True,17.83351189989135,0.9149122562731072,0.9462524177152043
xml_etree_process,B,candidate,serialize,second,4,4,True,0.03994532260112464,0.03927414879823724,0.9831976872589206,-1.680231274107935,1.0170894551104193,True,4.005287873787325,2.8143643273924748,1.6520526008500216
